,FacilityID,FacilityType,Longitude,Latitude,Builtyear,Spannumber,Spanlength_m,Structurelength_m,Deckwidth_m,Skew_deg,Facility_Description,NBIclass,HAZUSclass,Customclass,Vs30,Rhypo,im,State,Repair_Cost,RepairTime,exists_in_netfile
0,06_55 0490,Bridge,-117.91180279999999,33.85359444,1959,3,2.4,7.9,32.1,15,3-span;15.0 deg skew;7.9 m structure Length;2.4 m Max Span Length; Built 1959;NBI 119,119,HWB5,Unknown,760,7.508384772,346.467279,Complete,232110.9813,125,0
1,06_55C0288,Bridge,-117.92308059999999,33.87894167,1966,2,6.4,13.7,23.7,51,2-span;51.0 deg skew;13.7 m structure Length;6.4 m Max Span Length; Built 1966;NBI 119,119,HWB5,Unknown,760,5.781841251,533.0572993,Complete,394700.2376,122,0
2,06_55C0308,Bridge,-117.92003329999999,33.86831389,1978,4,13.7,48.5,16.8,0,4-span;0.0 deg skew;48.5 m structure Length;13.7 m Max Span Length; Built 1978;NBI 505,505,HWB17,Unknown,760,6.323099643,463.2861412,Complete,554311.0198,115,0
3,06_55C0295,Bridge,-117.91978329999999,33.86309444,1977,2,5.2,11.3,23.8,0,2-span;0.0 deg skew;11.3 m structure Length;5.2 m Max Span Length; Built 1977;NBI 119,119,HWB5,Unknown,760,6.60560059,431.40585930000003,Complete,359437.3383,110,0
4,06_55C0291,Bridge,-117.93753059999999,33.87446111,1939,1,8.2,24.4,22.4,99,1-span;99.0 deg skew;24.4 m structure Length;8.2 m Max Span Length; Built 1939;NBI 104,104,HWB3,Unknown,760,5.522097329,571.1786793,Complete,618182.2747,108,0
5,06_55C0292,Bridge,-117.97623059999998,33.8681,1958,1,9.4,10.4,24.4,0,1-span;0.0 deg skew;10.4 m structure Length;9.4 m Max Span Length; Built 1958;NBI 501,501,HWB3,Unknown,760,6.223704175,475.2024351,Complete,238915.3788,95,1
6,06_55C0196,Bridge,-118.00263059999999,33.87797778,1960,2,11.0,21.9,11.0,0,2-span;0.0 deg skew;21.9 m structure Length;11 m Max Span Length; Built 1960;NBI 501,501,HWB17,Unknown,760,7.196275227999999,373.20818629999997,Complete,254667.5202,96,0
7,06_55C0197,Bridge,-117.9959472,33.87725,1950,1,15.2,15.5,10.7,0,1-span;0.0 deg skew;15.5 m structure Length;15.2 m Max Span Length; Built 1950;NBI 501,501,HWB3,Unknown,760,6.81183476,409.8615616,Complete,180881.167,95,0
8,06_55C0232,Bridge,-117.9802,33.86653056,1958,1,10.7,11.0,9.8,28,1-span;28.0 deg skew;11.0 m structure Length;10.7 m Max Span Length; Built 1958;NBI 501,501,HWB3,Unknown,760,6.455239842,448.01826739999996,Extensive,26427.53311,75,0
9,06_55 0296F,Bridge,-117.97654440000001,33.857275,1958,3,32.2,54.6,13.5,12,3-span;12.0 deg skew;54.6 m structure Length;32.2 m Max Span Length; Built 1958;NBI 302,302,HWB12,MSSTEEL,760,6.855516279,405.4738745,Extensive,246622.9818,74,0
10,06_55C0354,Bridge,-117.9077972,33.85177222,1961,2,8.2,16.8,12.2,12,2-span;12.0 deg skew;16.8 m structure Length;8.2 m Max Span Length; Built 1961;NBI 501,501,HWB17,Unknown,760,7.80444443,323.3235543,Extensive,62650.81637000001,65,0
11,06_55 0280,Bridge,-117.95947220000001,33.853725,1958,4,12.8,41.6,44.3,1,4-span;1.0 deg skew;41.6 m structure Length;12.8 m Max Span Length; Built 1958;NBI 302,302,HWB12,MSSTEEL,760,6.702708747000001,421.0879056,Extensive,465296.7698,68,1
12,06_55C0141,Bridge,-117.87785559999999,33.86101389,1969,3,3.0,9.8,38.1,0,3-span;0.0 deg skew;9.8 m structure Length;3 m Max Span Length; Built 1969;NBI 119,119,HWB5,Unknown,760,9.027613966,246.3835023,Extensive,85343.19439,62,1
13,06_55C0418,Bridge,-117.90901670000001,33.87036667,1979,2,3.0,6.7,25.3,0,2-span;0.0 deg skew;6.7 m structure Length;3 m Max Span Length; Built 1979;NBI 119,119,HWB5,Unknown,760,6.7349608320000005,417.73000360000003,Extensive,42627.67389,52,0
14,06_55 0216,Bridge,-117.91160559999999,33.85357222,1959,4,24.7,73.3,55.2,0,4-span;0.0 deg skew;73.3 m structure Length;24.7 m Max Span Length; Built 1959;NBI 302,302,HWB12,MSSTEEL,760,7.518299271,345.65854060000004,Extensive,1383908.5080000001,58,0
15,06_55 0320K,Bridge,-117.9445389,33.85438611,1958,3,7.6,23.2,10.8,70,3-span;70.0 deg skew;23.2 m structure Length;7.6 m Max Span Length; Built 1958;NBI 119,119,HWB5,Unknown,760,6.608295105,431.1152919,Extensive,58127.13726,59,1
16,06_55C0228,Bridge,-117.9265,33.87415,1934,1,14.0,14.6,12.5,20,1-span;20.0 deg skew;14.6 m structure Length;14 m Max Span Length; Built 1934;NBI 101,101,HWB3,MSRC-Slab,760,5.825617858999999,526.9472124,Extensive,54020.83884,55,0
17,06_55C0243,Bridge,-117.93296940000002,33.86293333,1958,1,8.2,8.5,15.2,0,1-span;0.0 deg skew;8.5 m structure Length;8.2 m Max Span Length; Built 1958;NBI 501,501,HWB3,Unknown,760,6.208091786000001,477.10889699999996,Moderate,13549.1441,25,1
18,06_55C0346,Bridge,-117.88905279999999,33.85798333,1969,3,2.4,7.6,45.1,0,3-span;0.0 deg skew;7.6 m structure Length;2.4 m Max Span Length; Built 1969;NBI 119,119,HWB5,Unknown,760,8.449377416,279.3955112,Moderate,36089.42349,26,1
19,06_55C0278,Bridge,-117.9292861,33.84706389,1959,2,3.4,10.7,22.5,99,2-span;99.0 deg skew;10.7 m structure Length;3.4 m Max Span Length; Built 1959;NBI 119,119,HWB5,Unknown,760,7.390485656,356.2722496,Moderate,22765.28734,24,0
20,06_55C0384,Bridge,-117.9245389,33.86825,1970,4,13.1,46.3,10.4,0,4-span;0.0 deg skew;46.3 m structure Length;13.1 m Max Span Length; Built 1970;NBI 201,201,HWB10,MCRC-Slab,760,6.158361976,483.2456467,Moderate,52664.227289999995,25,1
21,06_55 0418,Bridge,-117.8705472,33.84784722,1967,3,44.2,109.4,19.8,99,3-span;99.0 deg skew;109.4 m structure Length;44.2 m Max Span Length; Built 1967;NBI 302,302,HWB12,MSSTEEL,760,10.17148621,194.7958311,Moderate,224615.3593,22,1
22,06_55C0303,Bridge,-117.8312139,33.86658889,1965,2,3.0,6.7,12.8,0,2-span;0.0 deg skew;6.7 m structure Length;3 m Max Span Length; Built 1965;NBI 119,119,HWB5,Unknown,760,12.37002712,130.0697511,Moderate,10183.14977,19,0
23,06_53 0279,Bridge,-118.01615559999999,33.87739444,1934,3,12.8,26.8,33.7,9,3-span;9.0 deg skew;26.8 m structure Length;12.8 m Max Span Length; Built 1934;NBI 104,104,HWB5,Unknown,760,8.111489152999999,301.376108,Moderate,79765.40281,26,0
24,06_55 0296R,Bridge,-117.9766306,33.85683889,1958,3,31.4,53.1,25.6,2,3-span;2.0 deg skew;53.1 m structure Length;31.4 m Max Span Length; Built 1958;NBI 302,302,HWB12,MSSTEEL,760,6.8866262879999995,402.38511810000006,Moderate,150604.6835,25,1
25,06_55 0070,Bridge,-117.9981361,33.87723889,1925,2,6.1,13.4,29.3,99,2-span;99.0 deg skew;13.4 m structure Length;6.1 m Max Span Length; Built 1925;NBI 201,201,HWB10,MCRC-Slab,760,6.940909825,397.0665063,Moderate,42790.53485,22,0
26,06_55 0087R,Bridge,-117.99105559999998,33.86281667,1957,3,8.8,23.3,28.8,37,3-span;37.0 deg skew;23.3 m structure Length;8.8 m Max Span Length; Built 1957;NBI 201,201,HWB10,MCRC-Slab,760,7.137600032999999,378.5255236,Slight,25182.07814,7,0
27,06_55 0491,Bridge,-117.9116861,33.85359444,1959,3,2.4,7.9,32.1,15,3-span;15.0 deg skew;7.9 m structure Length;2.4 m Max Span Length; Built 1959;NBI 119,119,HWB5,Unknown,760,7.513392757,346.0584695,Slight,8986.652001,5,0
28,06_55C0235,Bridge,-117.94699720000001,33.86646667,1958,1,14.9,15.2,23.2,57,1-span;57.0 deg skew;15.2 m structure Length;14.9 m Max Span Length; Built 1958;NBI 501,501,HWB3,Unknown,760,5.811507487999999,528.9070972,Slight,10571.764490000001,4,0
29,06_53C0150,Bridge,-118.0163639,33.87756944,1950,3,12.5,26.8,10.2,10,3-span;10.0 deg skew;26.8 m structure Length;12.5 m Max Span Length; Built 1950;NBI 201,201,HWB10,MCRC-Slab,760,8.121927961,300.664201,Slight,10708.4935,2,0
30,06_55 0279,Bridge,-117.9420389,33.853925,1958,4,15.8,49.5,44.3,0,4-span;0.0 deg skew;49.5 m structure Length;15.8 m Max Span Length; Built 1958;NBI 302,302,HWB12,MSSTEEL,760,6.661864133,425.3894188,Slight,70864.9018,6,1
31,06_55 0449,Bridge,-117.878725,33.86739722,1969,3,21.0,48.8,55.0,5,3-span;5.0 deg skew;48.8 m structure Length;21 m Max Span Length; Built 1969;NBI 203,203,HWB10,Unknown,760,8.711487288999999,263.7587571,Slight,97798.2844,5,0
32,06_55 0910,Bridge,-117.95172779999999,33.84161389,2002,2,4.9,9.8,62.0,99,2-span;99.0 deg skew;9.8 m structure Length;4.9 m Max Span Length; Built 2002;NBI 119,119,HWB7,Unknown,760,7.5968524639999995,339.3353943,Slight,22987.36154,4,1
33,06_55 0245,Bridge,-117.90698059999998,33.85364722,1959,4,12.8,41.3,44.3,0,4-span;0.0 deg skew;41.3 m structure Length;12.8 m Max Span Length; Built 1959;NBI 302,302,HWB12,MSSTEEL,760,7.7218700270000005,329.5741161,Slight,64765.91926,2,0
34,06_55C0302,Bridge,-117.8370472,33.86719444,1965,2,3.1,6.7,12.7,12,2-span;12.0 deg skew;6.7 m structure Length;3.1 m Max Span Length; Built 1965;NBI 119,119,HWB5,Unknown,760,11.88057268,141.58003380000002,Slight,2934.538128,2,0
35,06_55 0487,Bridge,-117.9143139,33.85360278,1959,3,2.4,7.9,32.1,15,3-span;15.0 deg skew;7.9 m structure Length;2.4 m Max Span Length; Built 1959;NBI 219,219,HWB10,Unknown,760,7.403022964,355.2129111,Slight,7642.602379000001,2,0
36,06_55C0355,Bridge,-117.8774111,33.85973333,1969,3,3.0,9.4,5.9,0,3-span;0.0 deg skew;9.4 m structure Length;3 m Max Span Length; Built 1969;NBI 119,119,HWB5,Unknown,760,9.114670373,241.8633037,Slight,2173.183962,5,1
37,06_55C0068,Bridge,-117.88331670000001,33.85849444,1970,3,3.4,11.0,31.1,14,3-span;14.0 deg skew;11.0 m structure Length;3.4 m Max Span Length; Built 1970;NBI 119,119,HWB5,Unknown,760,8.783500175,259.6632591,Slight,12853.36055,6,1
38,06_55C0017,Bridge,-117.863925,33.83544167,1970,6,23.8,130.1,31.6,8,6-span;8.0 deg skew;130.1 m structure Length;23.8 m Max Span Length; Built 1970;NBI 104,104,HWB5,Unknown,760,11.33682846,156.0882284,Slight,178380.0852,4,1
39,06_55 0427,Bridge,-117.83203059999998,33.84756667,1967,2,41.1,84.1,14.3,34,2-span;34.0 deg skew;84.1 m structure Length;41.1 m Max Span Length; Built 1967;NBI 302,302,HWB12,MSSTEEL,760,12.97337841,117.60746129999998,Slight,49700.38765,5,1
40,06_55C0684,Bridge,-117.7938111,33.83079722,1993,1,53.3,54.3,29.3,22,1-span;22.0 deg skew;54.3 m structure Length;53.3 m Max Span Length; Built 1993;NBI 106,106,HWB4,Unknown,760,16.72455124,68.46935039,No Damage,0.0,0,0
41,06_55C0231,Bridge,-117.98078059999999,33.86626667,1958,1,18.0,18.3,20.1,42,1-span;42.0 deg skew;18.3 m structure Length;18 m Max Span Length; Built 1958;NBI 501,501,HWB3,Unknown,760,6.4922884739999995,443.85136330000006,No Damage,0.0,0,0
42,06_55C0233,Bridge,-117.96804440000001,33.86831389,1958,1,9.4,9.8,15.2,0,1-span;0.0 deg skew;9.8 m structure Length;9.4 m Max Span Length; Built 1958;NBI 501,501,HWB3,Unknown,760,5.954386133,509.47290710000004,No Damage,0.0,0,1
43,06_55C0234,Bridge,-117.95059440000001,33.86831667,1961,1,14.6,15.2,14.9,23,1-span;23.0 deg skew;15.2 m structure Length;14.6 m Max Span Length; Built 1961;NBI 501,501,HWB3,Unknown,760,5.7055844879999995,543.9126213999999,No Damage,0.0,0,0
44,06_55C0229,Bridge,-117.92214440000001,33.87739167,1939,1,10.7,11.0,11.6,30,1-span;30.0 deg skew;11.0 m structure Length;10.7 m Max Span Length; Built 1939;NBI 104,104,HWB3,Unknown,760,5.867635894,521.164325,No Damage,0.0,0,0
45,06_55C0587,Bridge,-117.8537611,33.86793611,1990,1,13.1,13.4,19.2,0,1-span;0.0 deg skew;13.4 m structure Length;13.1 m Max Span Length; Built 1990;NBI 501,501,HWB4,Unknown,760,10.53595443,181.41588480000001,No Damage,0.0,0,0
46,06_55C0236,Bridge,-117.94361940000002,33.865175,1958,1,8.2,8.5,15.8,0,1-span;0.0 deg skew;8.5 m structure Length;8.2 m Max Span Length; Built 1958;NBI 501,501,HWB3,Unknown,760,5.906587142999999,515.8739247,No Damage,0.0,0,0
47,06_55C0242,Bridge,-117.93695559999999,33.86293611,1958,1,8.2,8.5,13.4,17,1-span;17.0 deg skew;8.5 m structure Length;8.2 m Max Span Length; Built 1958;NBI 501,501,HWB3,Unknown,760,6.127462489,487.10846349999997,No Damage,0.0,0,0
48,06_55C0226,Bridge,-117.9308306,33.87396667,1922,1,11.3,11.9,12.5,0,1-span;0.0 deg skew;11.9 m structure Length;11.3 m Max Span Length; Built 1922;NBI 101,101,HWB3,MSRC-Slab,760,5.699198555,544.834083,No Damage,0.0,0,0
49,06_55C0244,Bridge,-117.92643329999999,33.86300833,1963,1,10.7,11.0,14.0,0,1-span;0.0 deg skew;11.0 m structure Length;10.7 m Max Span Length; Built 1963;NBI 501,501,HWB3,Unknown,760,6.379520788,456.6884337,No Damage,0.0,0,0
50,06_55C0271,Bridge,-118.0107222,33.82151111,1959,1,10.4,11.0,23.5,0,1-span;0.0 deg skew;11.0 m structure Length;10.4 m Max Span Length; Built 1959;NBI 501,501,HWB3,Unknown,760,10.95939013,167.3819445,No Damage,0.0,0,0
51,06_55C0272,Bridge,-118.00205559999999,33.82411389,1959,1,10.7,11.0,18.9,21,1-span;21.0 deg skew;11.0 m structure Length;10.7 m Max Span Length; Built 1959;NBI 501,501,HWB3,Unknown,760,10.35333194,187.9602198,No Damage,0.0,0,0
52,06_55C0273,Bridge,-118.0008639,33.82460556,1959,1,16.3,17.6,21.6,68,1-span;68.0 deg skew;17.6 m structure Length;16.3 m Max Span Length; Built 1959;NBI 119,119,HWB3,Unknown,760,10.26168337,191.3643644,No Damage,0.0,0,0
53,06_55C0274,Bridge,-117.98463329999998,33.83000833,1959,1,10.4,11.0,18.9,0,1-span;0.0 deg skew;11.0 m structure Length;10.4 m Max Span Length; Built 1959;NBI 501,501,HWB3,Unknown,760,9.196292891,237.7236662,No Damage,0.0,0,0
54,06_55C0275,Bridge,-117.9759028,33.83461944,1959,1,13.6,14.4,31.1,40,1-span;40.0 deg skew;14.4 m structure Length;13.6 m Max Span Length; Built 1959;NBI 501,501,HWB3,Unknown,760,8.548665111,273.33395299999995,No Damage,0.0,0,0
55,06_55C0675,Bridge,-117.9241111,33.81406944,2000,2,36.2,55.8,12.0,0,2-span;0.0 deg skew;55.8 m structure Length;36.2 m Max Span Length; Built 2000;NBI 605,605,HWB23,Unknown,760,10.37278181,187.2482644,No Damage,0.0,0,0
56,06_55C0674,Bridge,-117.92215829999999,33.81830556,2000,2,7.9,87.1,10.1,0,2-span;0.0 deg skew;87.1 m structure Length;7.9 m Max Span Length; Built 2000;NBI 201,201,HWB11,MCRC-Slab,760,10.0212958,200.694793,No Damage,0.0,0,1
57,06_55C0227,Bridge,-117.9286639,33.87397222,1922,1,11.3,11.9,12.5,0,1-span;0.0 deg skew;11.9 m structure Length;11.3 m Max Span Length; Built 1922;NBI 101,101,HWB3,MSRC-Slab,760,5.762833894,535.7376563999999,No Damage,0.0,0,0
58,06_55C0200,Bridge,-118.0111056,33.86196667,1950,3,6.1,18.9,28.3,0,3-span;0.0 deg skew;18.9 m structure Length;6.1 m Max Span Length; Built 1950;NBI 201,201,HWB10,MCRC-Slab,760,8.318220841,287.67291800000004,No Damage,0.0,0,0
59,06_55C0225,Bridge,-117.93304440000001,33.87395556,1940,1,14.6,14.6,14.5,20,1-span;20.0 deg skew;14.6 m structure Length;14.6 m Max Span Length; Built 1940;NBI 101,101,HWB3,MSRC-Slab,760,5.6409910110000006,553.323166,No Damage,0.0,0,0
60,06_55C0143,Bridge,-117.8392611,33.86804167,1964,3,4.9,15.5,29.3,99,3-span;99.0 deg skew;15.5 m structure Length;4.9 m Max Span Length; Built 1964;NBI 119,119,HWB5,Unknown,760,11.67949754,146.7196517,No Damage,0.0,0,0
61,06_55C0050,Bridge,-117.87991389999999,33.79566389,1966,7,16.2,106.4,21.6,20,7-span;20.0 deg skew;106.4 m structure Length;16.2 m Max Span Length; Built 1966;NBI 204,204,HWB10,Unknown,760,13.54893003,107.2388032,No Damage,0.0,0,1
62,06_55C0051,Bridge,-117.9907361,33.86291667,1959,1,10.4,11.0,29.6,21,1-span;21.0 deg skew;11.0 m structure Length;10.4 m Max Span Length; Built 1959;NBI 501,501,HWB3,Unknown,760,7.116582436,380.45359510000003,No Damage,0.0,0,1
63,06_55C0069,Bridge,-117.8623889,33.80886667,1959,2,3.0,9.4,36.1,42,2-span;42.0 deg skew;9.4 m structure Length;3 m Max Span Length; Built 1959;NBI 119,119,HWB5,Unknown,760,13.31829114,111.23090230000001,No Damage,0.0,0,0
64,06_55C0072,Bridge,-117.93489720000001,33.80306944,1963,3,2.4,7.9,36.9,4,3-span;4.0 deg skew;7.9 m structure Length;2.4 m Max Span Length; Built 1963;NBI 119,119,HWB5,Unknown,760,11.26388127,158.1880083,No Damage,0.0,0,0
65,06_55C0078,Bridge,-117.825925,33.86642778,1964,2,3.0,6.7,24.8,10,2-span;10.0 deg skew;6.7 m structure Length;3 m Max Span Length; Built 1964;NBI 119,119,HWB5,Unknown,760,12.80746091,120.8606586,No Damage,0.0,0,0
66,06_55C0091,Bridge,-117.95851940000001,33.79772778,1963,2,3.0,6.7,43.3,0,2-span;0.0 deg skew;6.7 m structure Length;3 m Max Span Length; Built 1963;NBI 119,119,HWB5,Unknown,760,11.74546968,145.00535,No Damage,0.0,0,1
67,06_55C0102,Bridge,-117.94145,33.84166944,1959,1,10.7,11.0,32.2,0,1-span;0.0 deg skew;11.0 m structure Length;10.7 m Max Span Length; Built 1959;NBI 501,501,HWB3,Unknown,760,7.626541181,336.9841566,No Damage,0.0,0,0
68,06_55C0111,Bridge,-117.8356722,33.84766389,1967,13,20.7,262.7,22.9,99,13-span;99.0 deg skew;262.7 m structure Length;20.7 m Max Span Length; Built 1967;NBI 204,204,HWB1,Unknown,760,12.68917108,123.2581179,No Damage,0.0,0,0
69,06_55C0114,Bridge,-117.84238329999998,33.86749722,1967,2,11.0,22.6,34.7,3,2-span;3.0 deg skew;22.6 m structure Length;11 m Max Span Length; Built 1967;NBI 201,201,HWB10,MCRC-Slab,760,11.44395939,153.073102,No Damage,0.0,0,0
70,06_55C0130,Bridge,-117.85255559999999,33.84331667,1963,18,16.8,293.5,26.1,0,18-span;0.0 deg skew;293.5 m structure Length;16.8 m Max Span Length; Built 1963;NBI 204,204,HWB1,Unknown,760,11.65226568,147.4354334,No Damage,0.0,0,1
71,06_55C0147,Bridge,-117.95929720000001,33.86837222,1958,1,8.8,10.1,24.4,0,1-span;0.0 deg skew;10.1 m structure Length;8.8 m Max Span Length; Built 1958;NBI 501,501,HWB3,Unknown,760,5.772091039,534.4301554,No Damage,0.0,0,0
72,06_55C0224,Bridge,-117.95066940000001,33.87544167,1940,1,13.4,13.4,12.8,0,1-span;0.0 deg skew;13.4 m structure Length;13.4 m Max Span Length; Built 1940;NBI 101,101,HWB3,MSRC-Slab,760,5.369394002999999,595.1713921,No Damage,0.0,0,0
73,06_55C0159,Bridge,-117.8704167,33.81655,1967,6,21.9,121.0,24.4,14,6-span;14.0 deg skew;121.0 m structure Length;21.9 m Max Span Length; Built 1967;NBI 204,204,HWB10,Unknown,760,12.27704726,132.1533412,No Damage,0.0,0,1
74,06_55C0168,Bridge,-117.77949720000001,33.80248056,1937,2,4.0,8.5,7.3,0,2-span;0.0 deg skew;8.5 m structure Length;4 m Max Span Length; Built 1937;NBI 702,702,HWB28,Unknown,760,19.31422323,50.73360851,No Damage,0.0,0,0
75,06_55C0184,Bridge,-117.7950861,33.8146,1970,3,21.9,55.8,26.0,18,3-span;18.0 deg skew;55.8 m structure Length;21.9 m Max Span Length; Built 1970;NBI 204,204,HWB10,Unknown,760,17.4511473,62.60187427,No Damage,0.0,0,0
76,06_55C0193,Bridge,-117.99364440000001,33.86146944,1958,1,10.7,11.0,24.7,3,1-span;3.0 deg skew;11.0 m structure Length;10.7 m Max Span Length; Built 1958;NBI 501,501,HWB3,Unknown,760,7.339069916000001,360.65898139999996,No Damage,0.0,0,1
77,06_55C0194,Bridge,-117.98493059999998,33.86398056,1958,1,10.7,11.0,21.9,0,1-span;0.0 deg skew;11.0 m structure Length;10.7 m Max Span Length; Built 1958;NBI 501,501,HWB3,Unknown,760,6.788329436000001,412.24743860000007,No Damage,0.0,0,0
78,06_55C0690,Bridge,-117.78224440000001,33.81029444,2012,1,11.7,12.0,17.8,27,1-span;27.0 deg skew;12.0 m structure Length;11.7 m Max Span Length; Built 2012;NBI 101,101,HWB4,MSRC-Slab,760,18.66474583,54.42474453,No Damage,0.0,0,0
79,06_55C0685,Bridge,-117.90619440000002,33.87399167,1964,1,8.5,9.8,32.8,30,1-span;30.0 deg skew;9.8 m structure Length;8.5 m Max Span Length; Built 1964;NBI 119,119,HWB3,Unknown,760,6.746069401000001,416.58126939999994,No Damage,0.0,0,0
80,06_55C0199,Bridge,-118.01947220000001,33.81906667,1958,1,10.7,11.0,19.5,5,1-span;5.0 deg skew;11.0 m structure Length;10.7 m Max Span Length; Built 1958;NBI 501,501,HWB3,Unknown,760,11.58806611,149.1420542,No Damage,0.0,0,0
81,06_55C0290,Bridge,-117.94186940000002,33.8748,1936,1,11.3,13.1,24.4,0,1-span;0.0 deg skew;13.1 m structure Length;11.3 m Max Span Length; Built 1936;NBI 101,101,HWB3,MSRC-Slab,760,5.441464762000001,583.6953787,No Damage,0.0,0,0
82,06_55C0201,Bridge,-118.00240559999999,33.86200556,1958,1,10.7,11.0,22.2,0,1-span;0.0 deg skew;11.0 m structure Length;10.7 m Max Span Length; Built 1958;NBI 501,501,HWB3,Unknown,760,7.789925454,324.4114928,No Damage,0.0,0,0
83,06_55C0289,Bridge,-117.96729170000002,33.87757778,1957,2,10.7,21.9,20.7,16,2-span;16.0 deg skew;21.9 m structure Length;10.7 m Max Span Length; Built 1957;NBI 201,201,HWB10,MCRC-Slab,760,5.533878357000001,569.37783,No Damage,0.0,0,0
84,06_55C0671,Bridge,-117.924275,33.81411111,2000,6,39.9,203.3,11.0,0,6-span;0.0 deg skew;203.3 m structure Length;39.9 m Max Span Length; Built 2000;NBI 605,605,HWB2,Unknown,760,10.36543979,187.51658989999999,No Damage,0.0,0,0
85,06_55C0673,Bridge,-117.9220556,33.81716667,2000,2,70.0,140.8,10.1,0,2-span;0.0 deg skew;140.8 m structure Length;70 m Max Span Length; Built 2000;NBI 605,605,HWB23,Unknown,760,10.12890896,196.4443009,No Damage,0.0,0,0
86,06_55C0613,Bridge,-117.9760056,33.85362222,1999,1,46.5,47.5,36.0,33,1-span;33.0 deg skew;47.5 m structure Length;46.5 m Max Span Length; Built 1999;NBI 505,505,HWB4,Unknown,760,7.081435066,383.7058187,No Damage,0.0,0,0
87,06_55C0386,Bridge,-117.924225,33.87506667,1930,1,9.1,9.4,24.4,30,1-span;30.0 deg skew;9.4 m structure Length;9.1 m Max Span Length; Built 1930;NBI 104,104,HWB3,Unknown,760,5.870182614,520.8163685,No Damage,0.0,0,0
88,06_55C0404,Bridge,-117.9840639,33.79001389,1959,2,3.7,10.1,24.4,38,2-span;38.0 deg skew;10.1 m structure Length;3.7 m Max Span Length; Built 1959;NBI 119,119,HWB5,Unknown,760,12.89706531,119.08817520000001,No Damage,0.0,0,0
89,06_55C0405,Bridge,-117.9804083,33.79241111,1963,2,3.4,7.3,15.2,0,2-span;0.0 deg skew;7.3 m structure Length;3.4 m Max Span Length; Built 1963;NBI 119,119,HWB5,Unknown,760,12.58021971,125.52598710000001,No Damage,0.0,0,0
90,06_55C0406,Bridge,-117.9674361,33.79769167,1963,2,3.0,6.7,23.9,0,2-span;0.0 deg skew;6.7 m structure Length;3 m Max Span Length; Built 1963;NBI 119,119,HWB5,Unknown,760,11.83555362,142.7088672,No Damage,0.0,0,0
91,06_55C0407,Bridge,-117.9636861,33.79770556,1963,2,3.0,6.7,15.2,0,2-span;0.0 deg skew;6.7 m structure Length;3 m Max Span Length; Built 1963;NBI 119,119,HWB5,Unknown,760,11.79087577,143.8414928,No Damage,0.0,0,0
92,06_55C0408,Bridge,-117.97510279999999,33.79589167,1963,2,5.5,12.0,30.6,52,2-span;52.0 deg skew;12.0 m structure Length;5.5 m Max Span Length; Built 1963;NBI 119,119,HWB5,Unknown,760,12.132655499999998,135.4824425,No Damage,0.0,0,1
93,06_55C0409,Bridge,-117.9598667,33.79771944,1963,2,3.0,6.7,18.2,0,2-span;0.0 deg skew;6.7 m structure Length;3 m Max Span Length; Built 1963;NBI 119,119,HWB5,Unknown,760,11.75571426,144.7416258,No Damage,0.0,0,0
94,06_55C0410,Bridge,-117.95335279999999,33.79773889,1963,2,3.0,6.7,18.2,0,2-span;0.0 deg skew;6.7 m structure Length;3 m Max Span Length; Built 1963;NBI 119,119,HWB5,Unknown,760,11.72044816,145.6522697,No Damage,0.0,0,0
95,06_55C0411,Bridge,-117.94955829999999,33.79775833,1963,2,3.0,6.7,18.2,0,2-span;0.0 deg skew;6.7 m structure Length;3 m Max Span Length; Built 1963;NBI 119,119,HWB5,Unknown,760,11.71328809,145.8381231,No Damage,0.0,0,0
96,06_55C0412,Bridge,-117.9380361,33.79895,1963,2,4.5,10.1,18.2,53,2-span;53.0 deg skew;10.1 m structure Length;4.5 m Max Span Length; Built 1963;NBI 119,119,HWB5,Unknown,760,11.64243516,147.6950084,No Damage,0.0,0,0
97,06_55C0469,Bridge,-117.8562528,33.84965556,1960,3,4.3,23.8,35.7,45,3-span;45.0 deg skew;23.8 m structure Length;4.3 m Max Span Length; Built 1960;NBI 119,119,HWB5,Unknown,760,11.06693294,164.0535003,No Damage,0.0,0,1
98,06_55C0672,Bridge,-117.92227779999999,33.81624444,2000,13,7.9,103.0,10.1,0,13-span;0.0 deg skew;103.0 m structure Length;7.9 m Max Span Length; Built 2000;NBI 201,201,HWB11,MCRC-Slab,760,10.20937603,193.3443852,No Damage,0.0,0,1
99,06_55C0508,Bridge,-117.7529139,33.87621667,1981,5,23.8,97.8,24.4,99,5-span;99.0 deg skew;97.8 m structure Length;23.8 m Max Span Length; Built 1981;NBI 602,602,HWB22,Unknown,760,18.92183222,52.91263443,No Damage,0.0,0,0
100,06_55C0510,Bridge,-117.8167,33.85478889,1970,6,21.9,121.6,24.4,2,6-span;2.0 deg skew;121.6 m structure Length;21.9 m Max Span Length; Built 1970;NBI 204,204,HWB10,Unknown,760,13.91208751,101.35837049999999,No Damage,0.0,0,0
101,06_55C0511,Bridge,-117.80538329999999,33.80980278,1982,1,6.4,6.7,0.0,0,1-span;0.0 deg skew;6.7 m structure Length;6.4 m Max Span Length; Built 1982;NBI 319,319,HWB3,Unknown,760,16.96803621,66.41097967,No Damage,0.0,0,0
102,06_55C0515,Bridge,-117.97831940000002,33.83206944,1959,2,3.8,8.5,29.0,14,2-span;14.0 deg skew;8.5 m structure Length;3.8 m Max Span Length; Built 1959;NBI 119,119,HWB5,Unknown,760,8.830495107,257.0352586,No Damage,0.0,0,1
103,06_55C0532,Bridge,-117.77713059999999,33.84454444,1972,2,3.0,6.4,32.0,10,2-span;10.0 deg skew;6.4 m structure Length;3 m Max Span Length; Built 1972;NBI 119,119,HWB5,Unknown,760,17.53648543,61.96467654,No Damage,0.0,0,0
104,06_55C0533,Bridge,-117.7757222,33.84335278,1972,2,3.0,7.0,25.3,2,2-span;2.0 deg skew;7.0 m structure Length;3 m Max Span Length; Built 1972;NBI 119,119,HWB5,Unknown,760,17.69562477,60.8034373,No Damage,0.0,0,0
105,06_55C0534,Bridge,-117.77876940000002,33.80745833,1985,1,7.3,8.5,11.9,99,1-span;99.0 deg skew;8.5 m structure Length;7.3 m Max Span Length; Built 1985;NBI 101,101,HWB3,MSRC-Slab,760,19.08670088,51.97869319,No Damage,0.0,0,0
106,06_55C0563L,Bridge,-117.87541940000001,33.80610556,1989,4,30.8,124.4,18.3,20,4-span;20.0 deg skew;124.4 m structure Length;30.8 m Max Span Length; Built 1989;NBI 602,602,HWB22,Unknown,760,12.85654272,119.88517949999999,No Damage,0.0,0,0
107,06_55C0563R,Bridge,-117.87549720000001,33.80592778,1989,4,30.8,124.4,15.8,20,4-span;20.0 deg skew;124.4 m structure Length;30.8 m Max Span Length; Built 1989;NBI 602,602,HWB22,Unknown,760,12.86759303,119.66709440000001,No Damage,0.0,0,0
108,06_55C0602,Bridge,-117.9732389,33.87815278,1991,1,20.7,21.3,15.2,0,1-span;0.0 deg skew;21.3 m structure Length;20.7 m Max Span Length; Built 1991;NBI 502,502,HWB4,MSPC,760,5.701378465,544.519314,No Damage,0.0,0,0
109,06_55C0618M,Bridge,-117.84871670000001,33.87587222,1992,2,4.9,10.1,22.0,10,2-span;10.0 deg skew;10.1 m structure Length;4.9 m Max Span Length; Built 1992;NBI 119,119,HWB7,Unknown,760,10.73819276,174.5221133,No Damage,0.0,0,0
110,06_55C0356,Bridge,-117.87930829999999,33.86596944,1969,2,3.0,6.4,24.8,0,2-span;0.0 deg skew;6.4 m structure Length;3 m Max Span Length; Built 1969;NBI 119,119,HWB5,Unknown,760,8.724624599,263.0053632,No Damage,0.0,0,1
111,06_55C0645,Bridge,-117.98698329999999,33.87735278,1996,1,19.8,20.6,23.8,5,1-span;5.0 deg skew;20.6 m structure Length;19.8 m Max Span Length; Built 1996;NBI 605,605,HWB4,Unknown,760,6.321491578,463.4759293000001,No Damage,0.0,0,0
112,06_55C0353,Bridge,-117.90784440000002,33.85019722,1961,2,8.2,16.5,12.2,0,2-span;0.0 deg skew;16.5 m structure Length;8.2 m Max Span Length; Built 1961;NBI 501,501,HWB17,Unknown,760,7.906525857999999,315.805173,No Damage,0.0,0,0
113,06_55C0293,Bridge,-117.941775,33.86459444,1958,1,7.6,8.5,22.6,8,1-span;8.0 deg skew;8.5 m structure Length;7.6 m Max Span Length; Built 1958;NBI 501,501,HWB3,Unknown,760,5.9588400329999995,508.88151619999996,No Damage,0.0,0,1
114,06_55C0294,Bridge,-117.9286,33.86299167,1959,1,10.1,11.0,18.3,14,1-span;14.0 deg skew;11.0 m structure Length;10.1 m Max Span Length; Built 1959;NBI 501,501,HWB3,Unknown,760,6.3163423970000006,464.084305,No Damage,0.0,0,0
115,06_55C0579,Bridge,-118.00514720000001,33.87796111,1987,1,26.8,27.1,18.9,0,1-span;0.0 deg skew;27.1 m structure Length;26.8 m Max Span Length; Built 1987;NBI 502,502,HWB3,MSPC,760,7.356779567,359.1402819,No Damage,0.0,0,0
116,06_55C0296,Bridge,-117.9078,33.87240833,1964,1,8.5,9.8,22.0,60,1-span;60.0 deg skew;9.8 m structure Length;8.5 m Max Span Length; Built 1964;NBI 119,119,HWB3,Unknown,760,6.717199718,419.5749924,No Damage,0.0,0,0
117,06_55C0300,Bridge,-117.85123329999999,33.87033889,1967,3,5.1,11.9,32.3,44,3-span;44.0 deg skew;11.9 m structure Length;5.1 m Max Span Length; Built 1967;NBI 119,119,HWB5,Unknown,760,10.66617435,176.9357904,No Damage,0.0,0,0
118,06_55C0304,Bridge,-117.81834440000002,33.86546667,1965,2,3.0,6.7,30.9,6,2-span;6.0 deg skew;6.7 m structure Length;3 m Max Span Length; Built 1965;NBI 119,119,HWB5,Unknown,760,13.458878599999998,108.7727043,No Damage,0.0,0,0
119,06_55C0314,Bridge,-117.82342779999999,33.86634444,1965,2,3.0,6.7,9.8,0,2-span;0.0 deg skew;6.7 m structure Length;3 m Max Span Length; Built 1965;NBI 119,119,HWB5,Unknown,760,13.01545094,116.80225390000001,No Damage,0.0,0,0
120,06_55C0315,Bridge,-117.83130279999999,33.87201667,1964,3,2.7,9.1,25.5,0,3-span;0.0 deg skew;9.1 m structure Length;2.7 m Max Span Length; Built 1964;NBI 119,119,HWB5,Unknown,760,12.23305018,133.1555421,No Damage,0.0,0,0
121,06_55C0316,Bridge,-117.83691670000002,33.86976944,1964,3,4.8,15.5,25.3,45,3-span;45.0 deg skew;15.5 m structure Length;4.8 m Max Span Length; Built 1964;NBI 119,119,HWB5,Unknown,760,11.82509406,142.97291830000003,No Damage,0.0,0,0
122,06_55C0317,Bridge,-117.85491110000001,33.85924167,1960,1,14.6,14.9,19.5,10,1-span;10.0 deg skew;14.9 m structure Length;14.6 m Max Span Length; Built 1960;NBI 501,501,HWB3,Unknown,760,10.74592907,174.2654887,No Damage,0.0,0,0
123,06_55 1072,Bridge,-117.9978361,33.86585833,2010,2,41.0,77.4,43.9,33,2-span;33.0 deg skew;77.4 m structure Length;41 m Max Span Length; Built 2010;NBI 205,205,HWB11,Unknown,760,7.346677057000001,360.0056268,No Damage,0.0,0,0
124,06_55C0319,Bridge,-117.85616110000001,33.85125556,1960,1,17.4,17.7,38.7,19,1-span;19.0 deg skew;17.7 m structure Length;17.4 m Max Span Length; Built 1960;NBI 505,505,HWB3,Unknown,760,10.997156599999999,166.2026925,No Damage,0.0,0,1
125,06_55C0321,Bridge,-117.86539170000002,33.80599722,1959,2,4.9,10.4,12.6,41,2-span;41.0 deg skew;10.4 m structure Length;4.9 m Max Span Length; Built 1959;NBI 119,119,HWB5,Unknown,760,13.38147469,110.116404,No Damage,0.0,0,0
126,06_55C0322,Bridge,-117.86670559999999,33.80474722,1959,2,4.4,9.3,30.3,25,2-span;25.0 deg skew;9.3 m structure Length;4.4 m Max Span Length; Built 1959;NBI 119,119,HWB5,Unknown,760,13.41276321,109.57040459999999,No Damage,0.0,0,0
127,06_55C0646,Bridge,-117.77705,33.86560833,1998,3,35.0,97.7,26.2,13,3-span;13.0 deg skew;97.7 m structure Length;35 m Max Span Length; Built 1998;NBI 605,605,HWB23,Unknown,760,16.9687663,66.40495267,No Damage,0.0,0,0
128,06_55C0347,Bridge,-117.97889440000002,33.83090833,1959,1,12.8,13.4,10.4,47,1-span;47.0 deg skew;13.4 m structure Length;12.8 m Max Span Length; Built 1959;NBI 501,501,HWB3,Unknown,760,8.945899387999999,250.7276565,No Damage,0.0,0,0
129,06_55C0348,Bridge,-117.95869170000002,33.83990556,1959,1,7.3,7.6,37.0,99,1-span;99.0 deg skew;7.6 m structure Length;7.3 m Max Span Length; Built 1959;NBI 119,119,HWB3,Unknown,760,7.783915174,324.8632312,No Damage,0.0,0,1
130,06_55C0349,Bridge,-117.9562611,33.84057778,1960,1,9.4,9.8,18.3,10,1-span;10.0 deg skew;9.8 m structure Length;9.4 m Max Span Length; Built 1960;NBI 501,501,HWB3,Unknown,760,7.706128181,330.7832551,No Damage,0.0,0,0
131,06_55C0350,Bridge,-117.9472722,33.84163889,1960,1,10.7,11.0,11.0,0,1-span;0.0 deg skew;11.0 m structure Length;10.7 m Max Span Length; Built 1960;NBI 501,501,HWB3,Unknown,760,7.59511613,339.4735545,No Damage,0.0,0,0
132,06_55C0351,Bridge,-117.937225,33.84218611,1961,1,11.9,12.2,11.6,30,1-span;30.0 deg skew;12.2 m structure Length;11.9 m Max Span Length; Built 1961;NBI 501,501,HWB3,Unknown,760,7.632070604,336.54855239999995,No Damage,0.0,0,0
133,06_55C0352,Bridge,-117.9315639,33.84629722,1961,1,10.7,11.0,11.6,13,1-span;13.0 deg skew;11.0 m structure Length;10.7 m Max Span Length; Built 1961;NBI 501,501,HWB3,Unknown,760,7.3996179479999995,355.5002198,No Damage,0.0,0,0
134,06_55 1073L,Bridge,-117.99155559999998,33.86271389,2010,3,15.5,28.2,29.6,40,3-span;40.0 deg skew;28.2 m structure Length;15.5 m Max Span Length; Built 2010;NBI 601,601,HWB23,Unknown,760,7.167839555,375.7731855,No Damage,0.0,0,0
135,06_55 0924,Bridge,-117.83193329999999,33.80225278,2002,2,29.5,59.9,20.7,5,2-span;5.0 deg skew;59.9 m structure Length;29.5 m Max Span Length; Built 2002;NBI 605,605,HWB23,Unknown,760,15.64882957,78.84962613,No Damage,0.0,0,0
136,06_55 1071,Bridge,-118.00245829999999,33.86823056,2010,2,47.7,88.4,25.5,34,2-span;34.0 deg skew;88.4 m structure Length;47.7 m Max Span Length; Built 2010;NBI 205,205,HWB11,Unknown,760,7.512243535,346.15222769999997,No Damage,0.0,0,0
137,06_55 0464,Bridge,-117.88018329999998,33.877925,1969,1,45.7,46.3,51.3,1,1-span;1.0 deg skew;46.3 m structure Length;45.7 m Max Span Length; Built 1969;NBI 505,505,HWB3,Unknown,760,8.297121207,289.03407999999996,No Damage,0.0,0,0
138,06_55 0404,Bridge,-117.8558361,33.84813889,1964,3,32.3,72.8,29.2,10,3-span;10.0 deg skew;72.8 m structure Length;32.3 m Max Span Length; Built 1964;NBI 502,502,HWB17,MSPC,760,11.17127818,160.9096179,No Damage,0.0,0,1
139,06_55 0414,Bridge,-117.838075,33.85150833,1967,2,33.8,60.4,21.6,13,2-span;13.0 deg skew;60.4 m structure Length;33.8 m Max Span Length; Built 1967;NBI 302,302,HWB12,MSSTEEL,760,12.33956552,130.7472779,No Damage,0.0,0,1
140,06_55 0446,Bridge,-117.87561670000001,33.84931389,1974,2,39.6,79.9,45.1,25,2-span;25.0 deg skew;79.9 m structure Length;39.6 m Max Span Length; Built 1974;NBI 205,205,HWB10,Unknown,760,9.758902638,211.5859193,No Damage,0.0,0,0
141,06_55 0446F,Bridge,-117.876175,33.84953889,1969,2,40.5,77.7,7.9,0,2-span;0.0 deg skew;77.7 m structure Length;40.5 m Max Span Length; Built 1969;NBI 205,205,HWB10,Unknown,760,9.710419978,213.68380719999996,No Damage,0.0,0,1
142,06_55 0446G,Bridge,-117.87551940000002,33.849275,1974,2,38.7,78.0,7.9,21,2-span;21.0 deg skew;78.0 m structure Length;38.7 m Max Span Length; Built 1974;NBI 205,205,HWB10,Unknown,760,9.767338593,211.22368619999997,No Damage,0.0,0,0
143,06_55 0447G,Bridge,-117.87738610000001,33.850075,1969,8,42.7,281.0,12.5,99,8-span;99.0 deg skew;281.0 m structure Length;42.7 m Max Span Length; Built 1969;NBI 205,205,HWB1,Unknown,760,9.602928646,218.43448450000002,No Damage,0.0,0,1
144,06_55 0448F,Bridge,-117.87635279999999,33.84705833,1974,13,40.5,404.5,11.0,99,13-span;99.0 deg skew;404.5 m structure Length;40.5 m Max Span Length; Built 1974;NBI 205,205,HWB1,Unknown,760,9.839440775,208.1610575,No Damage,0.0,0,0
145,06_55 0450,Bridge,-117.8783361,33.86610556,1969,3,12.2,31.1,62.7,3,3-span;3.0 deg skew;31.1 m structure Length;12.2 m Max Span Length; Built 1969;NBI 203,203,HWB10,Unknown,760,8.786384542999999,259.5009545,No Damage,0.0,0,1
146,06_55 0456,Bridge,-117.88011670000002,33.8739,1969,1,45.7,46.3,51.4,12,1-span;12.0 deg skew;46.3 m structure Length;45.7 m Max Span Length; Built 1969;NBI 505,505,HWB3,Unknown,760,8.403908995,282.22966,No Damage,0.0,0,0
147,06_55 0457,Bridge,-117.8779639,33.86450833,1969,1,45.7,46.3,56.7,3,1-span;3.0 deg skew;46.3 m structure Length;45.7 m Max Span Length; Built 1969;NBI 505,505,HWB3,Unknown,760,8.87406495,254.62975600000001,No Damage,0.0,0,1
148,06_55 0459,Bridge,-117.87694440000001,33.86115833,1969,2,27.7,53.0,66.0,3,2-span;3.0 deg skew;53.0 m structure Length;27.7 m Max Span Length; Built 1969;NBI 205,205,HWB10,Unknown,760,9.083198739,243.48473450000003,No Damage,0.0,0,1
149,06_55 0460,Bridge,-117.8796639,33.87050556,1969,4,32.6,109.1,55.0,62,4-span;62.0 deg skew;109.1 m structure Length;32.6 m Max Span Length; Built 1969;NBI 205,205,HWB10,Unknown,760,8.538872827999999,273.92413270000003,No Damage,0.0,0,0
150,06_55 0470,Bridge,-117.8757778,33.84706389,1974,2,25.3,50.9,50.9,3,2-span;3.0 deg skew;50.9 m structure Length;25.3 m Max Span Length; Built 1974;NBI 205,205,HWB10,Unknown,760,9.875668382999999,206.6445282,No Damage,0.0,0,1
151,06_55 0524,Bridge,-117.87669720000001,33.81795278,1974,2,36.3,72.8,31.1,7,2-span;7.0 deg skew;72.8 m structure Length;36.3 m Max Span Length; Built 1974;NBI 205,205,HWB10,Unknown,760,11.83025999,142.84242030000001,No Damage,0.0,0,1
152,06_55 0470G,Bridge,-117.87555829999998,33.84706667,1974,2,27.4,55.5,12.5,99,2-span;99.0 deg skew;55.5 m structure Length;27.4 m Max Span Length; Built 1974;NBI 205,205,HWB10,Unknown,760,9.889496735,206.0695371,No Damage,0.0,0,0
153,06_55 0472S,Bridge,-117.98049440000001,33.85591667,1970,5,39.3,141.7,7.9,99,5-span;99.0 deg skew;141.7 m structure Length;39.3 m Max Span Length; Built 1970;NBI 205,205,HWB10,Unknown,760,7.083136499,383.5475725,No Damage,0.0,0,1
154,06_55 0474,Bridge,-117.79080559999998,33.85398889,1970,1,46.3,47.2,80.0,13,1-span;13.0 deg skew;47.2 m structure Length;46.3 m Max Span Length; Built 1970;NBI 505,505,HWB3,Unknown,760,16.08346577,74.38450178,No Damage,0.0,0,0
155,06_55 0475,Bridge,-117.81473329999999,33.85114722,1970,2,44.8,90.2,23.8,12,2-span;12.0 deg skew;90.2 m structure Length;44.8 m Max Span Length; Built 1970;NBI 605,605,HWB22,Unknown,760,14.20024444,97.01835962,No Damage,0.0,0,1
156,06_55 0481,Bridge,-117.8776,33.79549444,1976,1,57.9,58.5,51.8,14,1-span;14.0 deg skew;58.5 m structure Length;57.9 m Max Span Length; Built 1976;NBI 505,505,HWB3,Unknown,760,13.66663734,105.28021129999999,No Damage,0.0,0,1
157,06_55 0486,Bridge,-117.9161,33.85368889,1959,3,2.4,7.9,32.1,15,3-span;15.0 deg skew;7.9 m structure Length;2.4 m Max Span Length; Built 1959;NBI 219,219,HWB10,Unknown,760,7.326295395,361.7595492,No Damage,0.0,0,1
158,06_55 0488,Bridge,-117.91334440000001,33.85358333,1959,3,2.4,7.9,32.1,15,3-span;15.0 deg skew;7.9 m structure Length;2.4 m Max Span Length; Built 1959;NBI 219,219,HWB10,Unknown,760,7.444083074,351.7715478,No Damage,0.0,0,0
159,06_55 0489,Bridge,-117.912625,33.85358611,1959,3,2.4,7.9,32.1,15,3-span;15.0 deg skew;7.9 m structure Length;2.4 m Max Span Length; Built 1959;NBI 219,219,HWB10,Unknown,760,7.473979119,349.29260930000004,No Damage,0.0,0,0
160,06_55 0493R,Bridge,-117.82784440000002,33.84414167,1970,1,39.3,41.1,16.1,62,1-span;62.0 deg skew;41.1 m structure Length;39.3 m Max Span Length; Built 1970;NBI 105,105,HWB3,Unknown,760,13.44789369,108.9619646,No Damage,0.0,0,0
161,06_55 0502R,Bridge,-117.9811361,33.85642778,1970,3,64.0,145.1,24.9,51,3-span;51.0 deg skew;145.1 m structure Length;64 m Max Span Length; Built 1970;NBI 605,605,HWB22,Unknown,760,7.074377212000001,384.3631376,No Damage,0.0,0,1
162,06_55 0503G,Bridge,-117.98078059999999,33.85606389,1970,4,39.9,142.6,12.5,99,4-span;99.0 deg skew;142.6 m structure Length;39.9 m Max Span Length; Built 1970;NBI 205,205,HWB10,Unknown,760,7.084314827999999,383.4380275,No Damage,0.0,0,0
163,06_55 0515,Bridge,-117.87645559999999,33.82529722,1974,2,32.0,64.6,24.4,0,2-span;0.0 deg skew;64.6 m structure Length;32 m Max Span Length; Built 1974;NBI 205,205,HWB10,Unknown,760,11.2820891,157.66029419999998,No Damage,0.0,0,0
164,06_55 0401,Bridge,-117.87993329999999,33.80581667,1974,2,29.9,60.4,56.2,2,2-span;2.0 deg skew;60.4 m structure Length;29.9 m Max Span Length; Built 1974;NBI 205,205,HWB10,Unknown,760,12.66402812,123.77633130000001,No Damage,0.0,0,1
165,06_55 0400,Bridge,-117.8772861,33.798475,1976,8,38.1,278.3,52.4,99,8-span;99.0 deg skew;278.3 m structure Length;38.1 m Max Span Length; Built 1976;NBI 205,205,HWB1,Unknown,760,13.41951624,109.4530693,No Damage,0.0,0,1
166,06_55 0399,Bridge,-117.87888329999998,33.80225556,1976,7,26.5,129.5,54.4,99,7-span;99.0 deg skew;129.5 m structure Length;26.5 m Max Span Length; Built 1976;NBI 205,205,HWB10,Unknown,760,13.01813682,116.75111570000001,No Damage,0.0,0,1
167,06_55 0396S,Bridge,-117.85694720000001,33.846775,1964,3,4.6,14.3,50.0,16,3-span;16.0 deg skew;14.3 m structure Length;4.6 m Max Span Length; Built 1964;NBI 119,119,HWB5,Unknown,760,11.16110643,161.2124549,No Damage,0.0,0,1
168,06_53C0410,Bridge,-118.01901389999999,33.87325833,1967,1,31.7,32.3,29.3,26,1-span;26.0 deg skew;32.3 m structure Length;31.7 m Max Span Length; Built 1967;NBI 502,502,HWB3,MSPC,760,8.42145546,281.131549,No Damage,0.0,0,0
169,06_53C1515,Bridge,-118.0113528,33.87782778,1967,1,25.9,26.7,19.7,0,1-span;0.0 deg skew;26.7 m structure Length;25.9 m Max Span Length; Built 1967;NBI 502,502,HWB3,MSPC,760,7.770307055,325.88901780000003,No Damage,0.0,0,0
170,06_55 0079,Bridge,-117.79065559999998,33.85784167,1970,4,28.0,112.2,34.9,13,4-span;13.0 deg skew;112.2 m structure Length;28 m Max Span Length; Built 1970;NBI 602,602,HWB22,Unknown,760,15.98559652,75.35591703,No Damage,0.0,0,0
171,06_55 0106,Bridge,-117.83581940000002,33.849725,1954,18,15.2,265.0,47.4,31,18-span;31.0 deg skew;265.0 m structure Length;15.2 m Max Span Length; Built 1954;NBI 203,203,HWB1,Unknown,760,12.5883901,125.3538909,No Damage,0.0,0,1
172,06_55 0150,Bridge,-117.9979667,33.86228333,1958,1,10.7,11.0,32.9,0,1-span;0.0 deg skew;11.0 m structure Length;10.7 m Max Span Length; Built 1958;NBI 501,501,HWB3,Unknown,760,7.526035038,345.0291989,No Damage,0.0,0,1
173,06_55 0159,Bridge,-117.9970611,33.84334167,1960,2,4.6,7.9,35.3,0,2-span;0.0 deg skew;7.9 m structure Length;4.6 m Max Span Length; Built 1960;NBI 201,201,HWB10,MCRC-Slab,760,8.645128066,267.60760519999997,No Damage,0.0,0,1
174,06_55 0196,Bridge,-117.9051111,33.85371111,1959,3,4.9,15.2,33.4,50,3-span;50.0 deg skew;15.2 m structure Length;4.9 m Max Span Length; Built 1959;NBI 119,119,HWB5,Unknown,760,7.807186816000001,323.1185876,No Damage,0.0,0,0
175,06_55 0218,Bridge,-117.8982361,33.85372778,1959,3,20.4,37.1,47.9,0,3-span;0.0 deg skew;37.1 m structure Length;20.4 m Max Span Length; Built 1959;NBI 302,302,HWB12,MSSTEEL,760,8.157778333,298.2357428,No Damage,0.0,0,0
176,06_55 0287,Bridge,-117.9681639,33.85447778,1958,3,25.9,45.6,51.5,22,3-span;22.0 deg skew;45.6 m structure Length;25.9 m Max Span Length; Built 1958;NBI 302,302,HWB12,MSSTEEL,760,6.805345246,410.5185244,No Damage,0.0,0,1
177,06_55 0293L,Bridge,-117.9828778,33.85731111,1970,5,64.3,223.4,16.2,33,5-span;33.0 deg skew;223.4 m structure Length;64.3 m Max Span Length; Built 1970;NBI 605,605,HWB1,Unknown,760,7.086611281000001,383.2246486,No Damage,0.0,0,1
178,06_55 0296L,Bridge,-117.9765,33.857525,1970,1,45.7,46.1,20.3,22,1-span;22.0 deg skew;46.1 m structure Length;45.7 m Max Span Length; Built 1970;NBI 505,505,HWB3,Unknown,760,6.837943032999999,407.2318867,No Damage,0.0,0,1
179,06_55 0299,Bridge,-118.00267779999999,33.85581111,1969,1,39.0,39.6,55.3,0,1-span;0.0 deg skew;39.6 m structure Length;39 m Max Span Length; Built 1969;NBI 505,505,HWB3,Unknown,760,8.133605801,299.8703646,No Damage,0.0,0,1
180,06_55 0300,Bridge,-118.0114778,33.85573333,1969,1,44.5,45.1,54.1,0,1-span;0.0 deg skew;45.1 m structure Length;44.5 m Max Span Length; Built 1969;NBI 505,505,HWB3,Unknown,760,8.65179992,267.21734100000003,No Damage,0.0,0,0
181,06_55 0301,Bridge,-117.9939389,33.85586389,1970,1,37.8,38.4,55.3,0,1-span;0.0 deg skew;38.4 m structure Length;37.8 m Max Span Length; Built 1970;NBI 505,505,HWB3,Unknown,760,7.671168497000001,333.48892850000004,No Damage,0.0,0,1
182,06_55 0303,Bridge,-117.99833329999998,33.85581111,1970,2,28.3,57.3,56.5,0,2-span;0.0 deg skew;57.3 m structure Length;28.3 m Max Span Length; Built 1970;NBI 602,602,HWB22,Unknown,760,7.898322865,316.4009725,No Damage,0.0,0,1
183,06_55 0321G,Bridge,-117.8292389,33.842775,1961,4,34.1,118.6,10.4,99,4-span;99.0 deg skew;118.6 m structure Length;34.1 m Max Span Length; Built 1961;NBI 205,205,HWB10,Unknown,760,13.40318961,109.73705659999999,No Damage,0.0,0,1
184,06_55 0324,Bridge,-117.8316778,33.81003333,1961,4,18.6,56.6,52.6,15,4-span;15.0 deg skew;56.6 m structure Length;18.6 m Max Span Length; Built 1961;NBI 205,205,HWB10,Unknown,760,15.121946900000001,84.82475732,No Damage,0.0,0,1
185,06_55 0325,Bridge,-117.8316,33.81370556,1961,3,12.2,37.2,71.5,3,3-span;3.0 deg skew;37.2 m structure Length;12.2 m Max Span Length; Built 1961;NBI 201,201,HWB10,MCRC-Slab,760,14.88138134,87.77951554,No Damage,0.0,0,1
186,06_55 0326,Bridge,-117.8317278,33.81732778,1961,3,25.3,48.5,58.0,1,3-span;1.0 deg skew;48.5 m structure Length;25.3 m Max Span Length; Built 1961;NBI 205,205,HWB10,Unknown,760,14.63733123,90.93523613,No Damage,0.0,0,0
187,06_55 0328,Bridge,-117.83529440000001,33.83471667,1961,4,17.7,60.4,41.3,2,4-span;2.0 deg skew;60.4 m structure Length;17.7 m Max Span Length; Built 1961;NBI 205,205,HWB10,Unknown,760,13.35516916,110.57846200000002,No Damage,0.0,0,0
188,06_55 0329G,Bridge,-117.82869440000002,33.84433056,1962,4,29.9,106.7,10.4,99,4-span;99.0 deg skew;106.7 m structure Length;29.9 m Max Span Length; Built 1962;NBI 205,205,HWB10,Unknown,760,13.373850899999999,110.25003190000001,No Damage,0.0,0,1
189,06_55 0337,Bridge,-117.8781111,33.81172778,1974,2,40.5,71.4,51.3,29,2-span;29.0 deg skew;71.4 m structure Length;40.5 m Max Span Length; Built 1974;NBI 605,605,HWB22,Unknown,760,12.25775733,132.59144229999998,No Damage,0.0,0,1
190,06_55 0339,Bridge,-117.80343059999998,33.87372778,1962,3,25.9,46.0,27.0,1,3-span;1.0 deg skew;46.0 m structure Length;25.9 m Max Span Length; Built 1962;NBI 205,205,HWB10,Unknown,760,14.54620371,92.15648911,No Damage,0.0,0,0
191,06_55 0395,Bridge,-117.99319170000001,33.82754722,1961,1,11.9,12.2,38.8,32,1-span;32.0 deg skew;12.2 m structure Length;11.9 m Max Span Length; Built 1961;NBI 501,501,HWB3,Unknown,760,9.706861412,213.8388757,No Damage,0.0,0,0
192,06_55 0396,Bridge,-117.85683610000001,33.84733889,1961,1,17.7,17.7,50.7,25,1-span;25.0 deg skew;17.7 m structure Length;17.7 m Max Span Length; Built 1961;NBI 505,505,HWB3,Unknown,760,11.14021835,161.8367854,No Damage,0.0,0,0
193,06_55 0516,Bridge,-117.87647220000001,33.83256111,1974,2,33.8,68.3,24.4,0,2-span;0.0 deg skew;68.3 m structure Length;33.8 m Max Span Length; Built 1974;NBI 205,205,HWB10,Unknown,760,10.7586563,173.84441819999998,No Damage,0.0,0,1
194,06_55 0525,Bridge,-117.87649440000001,33.83776111,1974,2,38.4,77.1,31.1,11,2-span;11.0 deg skew;77.1 m structure Length;38.4 m Max Span Length; Built 1974;NBI 205,205,HWB10,Unknown,760,10.40568796,186.05197909999998,No Damage,0.0,0,1
195,06_55 1070,Bridge,-118.00913059999999,33.87327222,2010,2,37.5,69.5,68.5,43,2-span;43.0 deg skew;69.5 m structure Length;37.5 m Max Span Length; Built 2010;NBI 205,205,HWB11,Unknown,760,7.749165453,327.49094080000003,No Damage,0.0,0,0
196,06_55 0860,Bridge,-117.92764170000001,33.827525,2000,2,41.7,82.1,20.1,25,2-span;25.0 deg skew;82.1 m structure Length;41.7 m Max Span Length; Built 2000;NBI 605,605,HWB23,Unknown,760,9.062911643,244.537503,No Damage,0.0,0,1
197,06_55 0844,Bridge,-117.9296889,33.82940833,2000,2,54.6,102.4,23.8,26,2-span;26.0 deg skew;102.4 m structure Length;54.6 m Max Span Length; Built 2000;NBI 605,605,HWB23,Unknown,760,8.854385752999999,255.7125892,No Damage,0.0,0,1
198,06_55 0845,Bridge,-117.93270559999999,33.83210556,2000,2,65.5,129.1,33.5,49,2-span;49.0 deg skew;129.1 m structure Length;65.5 m Max Span Length; Built 2000;NBI 605,605,HWB23,Unknown,760,8.561667684,272.5528422,No Damage,0.0,0,1
199,06_55 0847K,Bridge,-117.92288889999999,33.82226944,2000,5,68.0,295.0,8.4,99,5-span;99.0 deg skew;295.0 m structure Length;68 m Max Span Length; Built 2000;NBI 605,605,HWB2,Unknown,760,9.641569393,216.71074559999997,No Damage,0.0,0,1
200,06_55 0849E,Bridge,-117.8827278,33.85276111,2000,25,80.2,1223.5,18.1,99,25-span;99.0 deg skew;1223.5 m structure Length;80.2 m Max Span Length; Built 2000;NBI 605,605,HWB2,Unknown,760,9.117109407000001,241.73823650000003,No Damage,0.0,0,1
201,06_55 0852,Bridge,-117.88955829999999,33.85398333,1999,2,22.1,44.2,48.4,1,2-span;1.0 deg skew;44.2 m structure Length;22.1 m Max Span Length; Built 1999;NBI 503,503,HWB19,Unknown,760,8.633506613,268.28916630000003,No Damage,0.0,0,1
202,06_55 0853,Bridge,-117.88489170000001,33.85411944,1999,2,47.8,89.9,19.5,4,2-span;4.0 deg skew;89.9 m structure Length;47.8 m Max Span Length; Built 1999;NBI 605,605,HWB23,Unknown,760,8.908754452,252.7355501,No Damage,0.0,0,1
203,06_55 0854,Bridge,-117.87913059999998,33.85179722,1999,2,56.0,100.0,23.2,2,2-span;2.0 deg skew;100.0 m structure Length;56 m Max Span Length; Built 1999;NBI 605,605,HWB23,Unknown,760,9.396937599,227.9365636,No Damage,0.0,0,1
204,06_55 0855,Bridge,-117.87615829999999,33.85370556,1998,2,63.4,118.9,23.2,23,2-span;23.0 deg skew;118.9 m structure Length;63.4 m Max Span Length; Built 1998;NBI 605,605,HWB23,Unknown,760,9.489231534,223.6129364,No Damage,0.0,0,1
205,06_55 0856,Bridge,-117.8764472,33.85728889,1998,2,47.2,94.5,14.6,4,2-span;4.0 deg skew;94.5 m structure Length;47.2 m Max Span Length; Built 1998;NBI 205,205,HWB11,Unknown,760,9.292897675,232.9437514,No Damage,0.0,0,1
206,06_55 0857,Bridge,-117.92442779999999,33.85418333,2000,2,38.3,76.6,33.0,5,2-span;5.0 deg skew;76.6 m structure Length;38.3 m Max Span Length; Built 2000;NBI 605,605,HWB23,Unknown,760,7.00258805,391.13090530000005,No Damage,0.0,0,1
207,06_55 0858,Bridge,-117.9200611,33.85443333,1999,2,26.0,51.8,33.5,0,2-span;0.0 deg skew;51.8 m structure Length;26 m Max Span Length; Built 1999;NBI 605,605,HWB23,Unknown,760,7.129586522,379.2591849,No Damage,0.0,0,0
208,06_55 0859,Bridge,-117.91515559999999,33.81458333,2000,2,70.6,134.5,36.9,50,2-span;50.0 deg skew;134.5 m structure Length;70.6 m Max Span Length; Built 2000;NBI 402,402,HWB16,MCSTEEL,760,10.54357709,181.1494425,No Damage,0.0,0,1
209,06_55 0901,Bridge,-117.96350559999999,33.84678611,2002,3,99.4,248.1,32.0,58,3-span;58.0 deg skew;248.1 m structure Length;99.4 m Max Span Length; Built 2002;NBI 605,605,HWB2,Unknown,760,7.285849109,365.27246329999997,No Damage,0.0,0,1
210,06_55 0527K,Bridge,-117.8786028,33.8625,1969,3,3.0,9.8,9.2,0,3-span;0.0 deg skew;9.8 m structure Length;3 m Max Span Length; Built 1969;NBI 219,219,HWB10,Unknown,760,8.912886825,252.511134,No Damage,0.0,0,0
211,06_55 0902S,Bridge,-117.9579139,33.84444167,2002,2,80.0,149.8,10.8,99,2-span;99.0 deg skew;149.8 m structure Length;80 m Max Span Length; Built 2002;NBI 206,206,HWB11,Unknown,760,7.400682174,355.4103906,No Damage,0.0,0,0
212,06_55 0903Y,Bridge,-117.9586111,33.84421667,2002,1,34.8,34.8,45.1,99,1-span;99.0 deg skew;34.8 m structure Length;34.8 m Max Span Length; Built 2002;NBI 505,505,HWB4,Unknown,760,7.425922056,353.2884033,No Damage,0.0,0,1
213,06_55 0904,Bridge,-117.958725,33.84500278,2002,2,57.2,97.8,41.5,38,2-span;38.0 deg skew;97.8 m structure Length;57.2 m Max Span Length; Built 2002;NBI 605,605,HWB23,Unknown,760,7.363485964,358.5672995,No Damage,0.0,0,1
214,06_55 0922S,Bridge,-117.83507220000001,33.83471944,2002,2,31.0,60.3,15.5,2,2-span;2.0 deg skew;60.3 m structure Length;31 m Max Span Length; Built 2002;NBI 205,205,HWB11,Unknown,760,13.37123589,110.29592050000001,No Damage,0.0,0,1
215,06_55 0923,Bridge,-117.83231940000002,33.82295,2002,2,27.9,55.8,37.2,1,2-span;1.0 deg skew;55.8 m structure Length;27.9 m Max Span Length; Built 2002;NBI 605,605,HWB23,Unknown,760,14.24518034,96.36599050000001,No Damage,0.0,0,1
216,06_53C0149,Bridge,-118.01673059999999,33.87721389,1950,3,12.5,26.8,10.3,0,3-span;0.0 deg skew;26.8 m structure Length;12.5 m Max Span Length; Built 1950;NBI 201,201,HWB10,MCRC-Slab,760,8.156089165,298.349595,No Damage,0.0,0,0
217,06_55 0925S,Bridge,-117.8315028,33.81005833,2002,4,18.6,56.5,10.4,7,4-span;7.0 deg skew;56.5 m structure Length;18.6 m Max Span Length; Built 2002;NBI 605,605,HWB23,Unknown,760,15.13188966,84.70582694,No Damage,0.0,0,0
218,06_55 0927,Bridge,-117.83130279999999,33.79430833,2002,2,35.6,71.2,15.6,99,2-span;99.0 deg skew;71.2 m structure Length;35.6 m Max Span Length; Built 2002;NBI 605,605,HWB23,Unknown,760,16.27198306,72.56628296,No Damage,0.0,0,1
219,06_55 0960S,Bridge,-117.88740829999999,33.79,2000,3,61.0,167.0,12.6,49,3-span;49.0 deg skew;167.0 m structure Length;61 m Max Span Length; Built 2000;NBI 606,606,HWB2,Unknown,760,13.75433869,103.8541749,No Damage,0.0,0,1
220,06_55 1058E,Bridge,-117.89649170000001,33.79958333,2000,3,21.3,49.4,33.0,0,3-span;0.0 deg skew;49.4 m structure Length;21.3 m Max Span Length; Built 2000;NBI 605,605,HWB23,Unknown,760,12.52885601,126.61551920000001,No Damage,0.0,0,0
221,06_55 1064,Bridge,-117.79065,33.86303333,2010,3,37.0,91.8,45.2,0,3-span;0.0 deg skew;91.8 m structure Length;37 m Max Span Length; Built 2010;NBI 605,605,HWB23,Unknown,760,15.85428498,76.68980298,No Damage,0.0,0,0
222,06_55 1069,Bridge,-117.99366670000002,33.86349444,2010,2,40.2,76.6,25.8,33,2-span;33.0 deg skew;76.6 m structure Length;40.2 m Max Span Length; Built 2010;NBI 205,205,HWB11,Unknown,760,7.235267467999999,369.72701739999997,No Damage,0.0,0,0
223,06_55 0843,Bridge,-117.94643889999999,33.83796389,2000,4,70.8,256.5,11.4,99,4-span;99.0 deg skew;256.5 m structure Length;70.8 m Max Span Length; Built 2000;NBI 605,605,HWB2,Unknown,760,7.909530084,315.58733110000003,No Damage,0.0,0,0
224,06_55 0842,Bridge,-117.94112779999999,33.83474722,2000,3,50.4,139.2,42.7,43,3-span;43.0 deg skew;139.2 m structure Length;50.4 m Max Span Length; Built 2000;NBI 605,605,HWB23,Unknown,760,8.221435712,293.98576069999996,No Damage,0.0,0,1
225,06_55 0841,Bridge,-117.93888329999999,33.83446111,2000,4,54.9,168.5,12.0,99,4-span;99.0 deg skew;168.5 m structure Length;54.9 m Max Span Length; Built 2000;NBI 606,606,HWB2,Unknown,760,8.268697585,290.88093250000003,No Damage,0.0,0,1
226,06_55 0840S,Bridge,-117.90330279999999,33.805075,2000,3,45.7,112.8,12.0,99,3-span;99.0 deg skew;112.8 m structure Length;45.7 m Max Span Length; Built 2000;NBI 606,606,HWB23,Unknown,760,11.78491131,143.99363689999998,No Damage,0.0,0,0
227,06_55 0604,Bridge,-117.8094111,33.85361389,1970,3,2.4,8.5,48.5,22,3-span;22.0 deg skew;8.5 m structure Length;2.4 m Max Span Length; Built 1970;NBI 219,219,HWB10,Unknown,760,14.54779693,92.13493118,No Damage,0.0,0,0
228,06_55 0605,Bridge,-117.78617220000001,33.85572222,1970,3,2.4,7.9,59.3,0,3-span;0.0 deg skew;7.9 m structure Length;2.4 m Max Span Length; Built 1970;NBI 219,219,HWB10,Unknown,760,16.42437691,71.14562169,No Damage,0.0,0,0
229,06_55 0606,Bridge,-117.7801889,33.85865278,1970,3,3.7,11.3,54.4,0,3-span;0.0 deg skew;11.3 m structure Length;3.7 m Max Span Length; Built 1970;NBI 219,219,HWB10,Unknown,760,16.85603348,67.34574143,No Damage,0.0,0,0
230,06_55 0670,Bridge,-117.9195222,33.81795833,1990,7,47.5,251.8,36.3,41,7-span;41.0 deg skew;251.8 m structure Length;47.5 m Max Span Length; Built 1990;NBI 605,605,HWB2,Unknown,760,10.11736194,196.8945849,No Damage,0.0,0,1
231,06_55 0713R,Bridge,-117.8272306,33.84429167,1994,1,25.1,25.1,15.6,45,1-span;45.0 deg skew;25.1 m structure Length;25.1 m Max Span Length; Built 1994;NBI 101,101,HWB4,MSRC-Slab,760,13.48858014,108.26332450000001,No Damage,0.0,0,1
232,06_55 0714,Bridge,-117.82784170000001,33.84414167,1994,5,37.5,187.5,15.1,99,5-span;99.0 deg skew;187.5 m structure Length;37.5 m Max Span Length; Built 1994;NBI 605,605,HWB2,Unknown,760,13.44810802,108.95826729999999,No Damage,0.0,0,0
233,06_55 0814,Bridge,-117.8896222,33.79202778,2000,2,45.7,80.5,88.5,32,2-span;32.0 deg skew;80.5 m structure Length;45.7 m Max Span Length; Built 2000;NBI 205,205,HWB11,Unknown,760,13.48184767,108.3784861,No Damage,0.0,0,1
234,06_55 0815K,Bridge,-117.8935361,33.79418333,2000,6,56.4,319.8,10.8,0,6-span;0.0 deg skew;319.8 m structure Length;56.4 m Max Span Length; Built 2000;NBI 605,605,HWB2,Unknown,760,13.1362788,114.53280990000002,No Damage,0.0,0,1
235,06_55 0816,Bridge,-117.89390829999999,33.79593889,2000,2,37.4,66.4,91.5,41,2-span;41.0 deg skew;66.4 m structure Length;37.4 m Max Span Length; Built 2000;NBI 205,205,HWB11,Unknown,760,12.95970941,117.8707592,No Damage,0.0,0,0
236,06_55 0818L,Bridge,-117.89956670000001,33.79958056,2000,2,53.9,102.0,33.0,41,2-span;41.0 deg skew;102.0 m structure Length;53.9 m Max Span Length; Built 2000;NBI 605,605,HWB23,Unknown,760,12.42075644,128.9522862,No Damage,0.0,0,1
237,06_55 0818R,Bridge,-117.8980111,33.79956667,2000,2,61.3,97.0,33.0,41,2-span;41.0 deg skew;97.0 m structure Length;61.3 m Max Span Length; Built 2000;NBI 605,605,HWB23,Unknown,760,12.47616667,127.74701189999999,No Damage,0.0,0,1
238,06_55 0819S,Bridge,-117.89884440000002,33.80126944,2000,3,51.5,118.6,12.0,99,3-span;99.0 deg skew;118.6 m structure Length;51.5 m Max Span Length; Built 2000;NBI 606,606,HWB23,Unknown,760,12.28935059,131.87497040000002,No Damage,0.0,0,1
239,06_55 0820,Bridge,-117.9013,33.80313889,2000,2,35.1,69.1,95.9,45,2-span;45.0 deg skew;69.1 m structure Length;35.1 m Max Span Length; Built 2000;NBI 605,605,HWB23,Unknown,760,12.03146697,137.8854134,No Damage,0.0,0,1
240,06_55 0820J,Bridge,-117.90306670000001,33.80293889,2000,3,53.3,130.7,15.7,99,3-span;99.0 deg skew;130.7 m structure Length;53.3 m Max Span Length; Built 2000;NBI 605,605,HWB23,Unknown,760,11.9905502,138.87390990000003,No Damage,0.0,0,0
241,06_55 0820K,Bridge,-117.902525,33.80273611,2000,12,61.0,651.8,10.8,0,12-span;0.0 deg skew;651.8 m structure Length;61 m Max Span Length; Built 2000;NBI 605,605,HWB2,Unknown,760,12.02737325,137.9838717,No Damage,0.0,0,1
242,06_55 0821,Bridge,-117.9059,33.80690278,2000,2,37.6,70.1,79.6,42,2-span;42.0 deg skew;70.1 m structure Length;37.6 m Max Span Length; Built 2000;NBI 605,605,HWB23,Unknown,760,11.53074336,150.68893300000002,No Damage,0.0,0,1
243,06_55 0829,Bridge,-117.97601110000001,33.85429444,2000,2,67.4,134.7,36.0,43,2-span;43.0 deg skew;134.7 m structure Length;67.4 m Max Span Length; Built 2000;NBI 605,605,HWB23,Unknown,760,7.035614319,387.998817,No Damage,0.0,0,1
244,06_55 0830G,Bridge,-117.97509170000001,33.85504722,2002,15,68.6,888.5,13.0,99,15-span;99.0 deg skew;888.5 m structure Length;68.6 m Max Span Length; Built 2002;NBI 605,605,HWB2,Unknown,760,6.955484327000001,395.65369350000003,No Damage,0.0,0,1
245,06_55 0831F,Bridge,-117.98584440000002,33.85879167,2002,17,70.1,981.5,13.0,99,17-span;99.0 deg skew;981.5 m structure Length;70.1 m Max Span Length; Built 2002;NBI 605,605,HWB2,Unknown,760,7.1203197629999995,380.1098375,No Damage,0.0,0,1
246,06_55 0832F,Bridge,-117.97731670000002,33.85815,2000,3,43.6,125.0,13.0,30,3-span;30.0 deg skew;125.0 m structure Length;43.6 m Max Span Length; Built 2000;NBI 605,605,HWB23,Unknown,760,6.825996766,408.4324836,No Damage,0.0,0,1
247,06_55 0833F,Bridge,-117.9803139,33.85746111,2000,2,58.5,117.0,13.0,30,2-span;30.0 deg skew;117.0 m structure Length;58.5 m Max Span Length; Built 2000;NBI 605,605,HWB23,Unknown,760,6.9776973060000005,393.5126479,No Damage,0.0,0,1
248,06_55 0834R,Bridge,-117.9787222,33.85667222,2000,2,51.5,94.3,27.6,55,2-span;55.0 deg skew;94.3 m structure Length;51.5 m Max Span Length; Built 2000;NBI 605,605,HWB23,Unknown,760,6.969733301000001,394.27858439999994,No Damage,0.0,0,1
249,06_55 0835H,Bridge,-117.98261670000001,33.85715833,2000,3,55.2,141.0,23.6,99,3-span;99.0 deg skew;141.0 m structure Length;55.2 m Max Span Length; Built 2000;NBI 605,605,HWB23,Unknown,760,7.0857324760000004,383.3062865,No Damage,0.0,0,0
250,06_55 0836,Bridge,-117.98674720000001,33.85894722,2003,3,98.7,270.4,30.2,62,3-span;62.0 deg skew;270.4 m structure Length;98.7 m Max Span Length; Built 2003;NBI 605,605,HWB2,Unknown,760,7.150713841,377.3287985,No Damage,0.0,0,0
251,06_55 0837S,Bridge,-117.922625,33.82186111,2000,3,60.1,151.3,10.8,99,3-span;99.0 deg skew;151.3 m structure Length;60.1 m Max Span Length; Built 2000;NBI 606,606,HWB2,Unknown,760,9.684885765,214.79980619999998,No Damage,0.0,0,0
252,06_55C0703,Bridge,-117.90805559999998,33.87222222,1964,1,8.5,9.8,18.2,60,1-span;60.0 deg skew;9.8 m structure Length;8.5 m Max Span Length; Built 1964;NBI 119,119,HWB3,Unknown,760,6.710790892,420.2432515,No Damage,0.0,0,0
